First Name,Last Name,Phone,City
Cléopatre,Payne,86-(879)687-2512,Maochen
Maï,Garrett,351-(373)416-4756,Sentieiras
Maéna,Garrett,55-(369)249-1612,Campo Alegre
André,Alexander,7-(490)214-5228,Shcherbinka
Agnès,Fernandez,380-(966)479-9137,Medenychi
Måns,Jones,267-(156)897-8488,Molepolole
Méghane,Peters,86-(374)318-2172,Yaozhanzi
Marie-ève,Mendoza,86-(287)583-4106,Gaohu
Stéphanie,Powell,86-(575)694-6384,Xia’ertai
Simplifiés,Alvarez,62-(622)800-4231,Besukrejo
Personnalisée,Wheeler,60-(888)605-2978,Kuantan
Lèi,Turner,55-(890)373-0665,Itiruçu
Andréa,Fields,86-(974)458-5575,Hancheng
Maï,Nichols,62-(571)353-1305,Nunleu
Stéphanie,Diaz,86-(408)156-9682,Shuangfeng
Erwéi,King,55-(593)804-2448,Pimenta Bueno
Östen,Vasquez,63-(215)397-3717,Panalo-on
Pénélope,Hall,55-(116)151-5991,Itaúna
Clémentine,Spencer,850-(417)459-3354,Najin
Tán,Brooks,30-(212)323-2307,Mikró Monastíri
